ubuntu@ip-10-2-10-230:~$ mysql -h udacity.cxy7eoadfadfa.us-west-2.rds.amazonaws.com -u admin -p
Enter password:
Welcome to the MariaDB monitor.  Commands end with ; or \g.
Your MySQL connection id is 9
Server version: 8.0.33 Source distribution

Copyright (c) 2000, 2018, Oracle, MariaDB Corporation Ab and others.

Type 'help;' or '\h' for help. Type '\c to clear the current input statement.
MySQL [(none)]> SELECT udacity;
ERROR 1054 (42S22): Unknown column 'udacity' in 'field list'
MySQL [(none)]> USE udacity;
Reading table information for completion of table and column names
You can turn off this feature to get a quicker startup with -A

Database changed
MySQL [udacity]> SELECT * FROM cars;
+----+--------------+-------------+
| id | name         | model       |
+----+--------------+-------------+
|  1 | suzuki swift | red papa    |
|  2 | Mazda atenza | white lotus |
|  3 | Merc S250    | The dream   |
+----+--------------+-------------+
3 rows in set (0.001 sec)

MySQL [udacity]> INSERT INTO cars(name, model) VALUES ('The beamer', 'BMW');
Query OK, 1 row affected (0.006 sec)

MySQL [udacity]> SELECT * FROM cars;
+----+--------------+-------------+
| id | name         | model       |
+----+--------------+-------------+
|  1 | suzuki swift | red papa    |
|  2 | Mazda atenza | white lotus |
|  3 | Merc S250    | The dream   |
|  4 | The beamer   | BMW         |
+----+--------------+-------------+
4 rows in set (0.001 sec)

MySQL [udacity]>

